Student_ID,Gender,Study_Hours,Attendance_Percentage,Previous_Marks,Participation_Level,Assignment_Score,Project_Score,Test_Score,Behavior,Extracurricular_Activities,Final_Score
1,Male,6,88,53,Low,54,62,59,Good,No,36
2,Female,1,51,73,High,70,81,71,Average,Yes,40
3,Male,9,87,92,Medium,92,92,91,Good,Yes,54
4,Male,1,88,59,Medium,68,60,55,Average,Yes,35
5,Male,5,75,50,Medium,47,51,39,Good,No,35
6,Female,4,95,55,Medium,52,53,50,Average,Yes,35
7,Male,3,99,90,Medium,96,97,88,Poor,Yes,46
8,Male,6,64,70,Medium,79,79,78,Average,Yes,43
9,Male,2,83,94,Medium,100,91,85,Average,No,46
10,Female,3,91,45,High,50,56,42,Average,Yes,35
11,Male,5,93,95,Medium,98,87,100,Good,No,52
12,Male,9,98,58,High,58,50,65,Good,No,44
13,Male,2,89,76,High,72,79,79,Average,Yes,45
14,Male,10,60,43,Medium,48,55,38,Average,Yes,35
15,Female,8,52,86,Medium,88,79,77,Poor,Yes,43
16,Male,2,55,43,Medium,47,38,40,Good,Yes,35
17,Female,5,58,59,Medium,64,67,58,Good,Yes,39
18,Female,7,55,49,High,59,44,50,Good,Yes,39
19,Female,8,58,63,Medium,61,65,66,Good,Yes,42
20,Male,1,88,93,High,85,88,100,Average,Yes,50
21,Female,6,80,74,Low,82,66,79,Poor,Yes,38
22,Male,1,81,65,Low,74,63,73,Average,Yes,35
23,Female,2,90,76,Medium,70,85,85,Good,No,44
24,Female,1,99,77,Medium,76,77,85,Average,No,41
25,Female,5,61,60,Low,66,54,59,Poor,No,35
26,Female,10,57,93,Medium,97,92,98,Good,Yes,54
27,Female,9,57,79,Medium,76,89,73,Poor,Yes,43
28,Female,6,99,78,Low,82,73,85,Average,Yes,44
29,Female,1,77,60,High,70,69,54,Good,Yes,41
30,Female,1,69,49,Low,52,60,45,Average,Yes,35
31,Male,2,96,77,High,86,79,65,Poor,No,41
32,Male,9,56,85,High,81,90,78,Good,Yes,52
33,Female,3,60,43,High,53,52,36,Good,Yes,35
34,Female,1,69,84,Low,85,91,93,Good,No,43
35,Female,5,65,59,High,65,53,58,Average,Yes,38
36,Male,7,53,56,Medium,62,62,65,Poor,Yes,35
37,Female,6,55,94,Medium,93,89,93,Good,Yes,51
38,Male,1,71,46,Medium,54,42,43,Average,Yes,35
39,Male,5,75,43,High,46,51,36,Average,No,35
40,Male,5,52,68,Medium,68,66,72,Good,Yes,41
41,Male,6,90,53,High,44,60,59,Average,Yes,39
42,Male,3,91,42,Medium,49,47,47,Average,No,35
43,Female,5,63,63,High,59,70,56,Poor,No,35
44,Female,7,60,76,High,77,74,82,Average,No,45
45,Female,5,67,55,Low,46,55,52,Average,No,35
46,Female,5,61,94,High,100,89,89,Average,Yes,51
47,Female,5,72,91,Low,98,93,99,Good,Yes,50
48,Male,10,61,43,Low,38,36,36,Good,Yes,35
49,Female,10,62,95,Low,94,98,100,Poor,Yes,47
50,Female,3,74,63,Medium,72,66,57,Poor,No,35
51,Male,1,94,73,Medium,77,68,61,Poor,No,35
52,Female,5,100,69,Low,63,78,74,Poor,Yes,37
53,Male,9,68,57,Low,66,69,64,Good,Yes,40
54,Female,1,95,58,High,50,56,57,Good,Yes,39
55,Male,3,85,70,High,64,62,73,Good,No,43
56,Female,4,94,58,High,55,62,55,Average,Yes,39
57,Female,1,57,88,High,85,85,85,Average,No,44
58,Male,1,78,85,High,82,82,86,Average,No,44
59,Male,8,81,58,Low,59,61,65,Poor,No,35
60,Male,2,100,61,Medium,58,60,58,Good,No,37
61,Male,8,93,63,High,63,73,60,Good,No,45
62,Male,7,67,84,Medium,87,80,82,Average,Yes,46
63,Male,10,55,51,High,48,60,40,Good,Yes,40
64,Male,10,67,69,Low,68,65,76,Average,Yes,41
65,Male,2,68,77,Medium,73,78,72,Poor,Yes,37
66,Female,6,71,92,Medium,98,84,86,Average,No,47
67,Female,6,86,70,Medium,63,71,65,Average,Yes,41
68,Male,3,81,75,Medium,77,71,63,Poor,No,36
69,Female,2,90,58,High,51,61,66,Good,Yes,41
70,Female,1,52,87,Low,81,85,76,Good,Yes,41
71,Female,6,77,84,Low,77,84,89,Average,No,42
72,Female,5,59,75,High,82,87,77,Average,Yes,46
73,Male,9,100,69,High,64,72,57,Good,Yes,48
74,Female,1,84,94,Low,85,86,86,Good,Yes,45
75,Male,7,78,88,High,88,90,77,Good,No,51
76,Female,5,64,94,Low,97,100,100,Average,Yes,47
77,Female,5,82,72,Medium,66,78,62,Good,Yes,43
78,Female,2,56,57,Low,52,50,63,Average,Yes,35
79,Male,3,61,91,High,90,100,96,Good,No,51
80,Female,7,98,88,High,85,86,97,Poor,No,49
81,Male,6,79,67,Low,70,79,72,Good,Yes,42
82,Female,2,70,86,High,78,89,87,Average,Yes,47
83,Male,6,80,50,Medium,51,59,45,Average,No,35
84,Female,2,73,93,Medium,98,87,92,Average,Yes,47
85,Male,2,69,84,Low,90,82,92,Average,Yes,42
86,Male,2,86,72,Medium,62,74,69,Good,Yes,42
87,Female,3,53,56,Low,55,65,63,Good,No,35
88,Male,2,77,45,Medium,44,48,49,Good,Yes,35
89,Female,4,93,43,High,53,40,41,Average,Yes,35
90,Female,9,69,59,Medium,50,55,48,Good,No,37
91,Female,6,73,87,Low,85,79,78,Good,No,44
92,Female,1,99,86,Low,88,89,74,Average,Yes,42
93,Female,8,98,66,Low,71,68,68,Poor,Yes,38
94,Female,7,100,54,Medium,61,49,54,Good,No,39
95,Female,10,81,45,High,53,54,40,Good,No,39
96,Female,3,90,86,Low,87,81,77,Good,No,43
97,Female,1,85,53,High,50,61,50,Average,Yes,35
98,Female,5,83,50,High,56,43,56,Average,Yes,37
99,Female,4,85,78,Medium,82,71,83,Average,No,42
100,Male,10,51,48,High,47,51,40,Good,No,37
101,Male,8,64,65,Medium,69,62,71,Good,Yes,43
102,Female,1,83,55,Medium,59,56,64,Poor,Yes,35
103,Female,10,85,44,Medium,40,56,47,Good,No,37
104,Female,1,55,91,Medium,93,98,79,Average,Yes,44
105,Female,4,88,49,Low,55,54,48,Good,Yes,35
106,Female,8,91,89,Medium,87,87,78,Average,Yes,49
107,Female,5,100,42,Medium,39,52,50,Average,Yes,35
108,Female,2,100,52,Medium,61,60,47,Average,Yes,35
109,Female,6,61,82,Low,92,82,87,Average,No,42
110,Male,5,52,88,High,95,92,91,Poor,Yes,47
111,Female,2,94,69,High,71,65,61,Average,Yes,41
112,Male,3,67,93,Medium,98,89,100,Average,Yes,48
113,Female,9,89,84,Low,82,85,84,Good,Yes,49
114,Female,7,70,45,High,46,57,51,Poor,Yes,35
115,Male,7,64,56,High,57,57,46,Average,Yes,38
116,Female,6,82,84,High,79,82,79,Poor,No,44
117,Male,8,84,90,Medium,98,96,89,Good,Yes,54
118,Female,4,75,92,Medium,88,90,81,Poor,Yes,44
119,Female,8,57,58,Low,50,64,56,Good,Yes,36
120,Male,4,85,81,Low,86,75,80,Good,Yes,44
121,Female,8,97,74,High,81,84,79,Average,No,48
122,Male,9,79,85,High,90,86,85,Average,Yes,52
123,Female,3,72,65,Medium,61,71,57,Poor,No,35
124,Male,3,91,90,High,83,84,99,Average,Yes,50
125,Male,2,93,44,Medium,41,41,43,Good,No,35
126,Female,10,63,68,Medium,70,71,57,Good,Yes,44
127,Female,3,63,76,Medium,78,82,68,Poor,No,36
128,Male,3,51,59,High,65,56,53,Average,Yes,36
129,Female,5,86,88,Low,94,92,87,Good,Yes,49
130,Female,5,54,60,High,54,70,63,Good,No,40
131,Female,2,87,49,High,44,43,44,Poor,No,35
132,Male,10,94,44,Low,52,43,40,Average,Yes,35
133,Male,6,90,75,Medium,77,74,77,Average,Yes,44
134,Male,5,96,45,High,48,56,37,Good,Yes,38
135,Male,6,63,65,Medium,58,71,65,Average,No,37
136,Male,1,88,43,High,39,38,35,Average,Yes,35
137,Male,5,74,78,High,75,88,76,Good,Yes,49
138,Male,9,69,78,Medium,80,90,75,Good,No,47
139,Male,10,51,89,Medium,84,83,96,Good,No,50
140,Male,2,88,74,High,69,78,74,Average,No,42
141,Female,1,55,40,High,50,39,36,Poor,No,35
142,Male,10,66,63,Low,55,70,71,Good,No,40
143,Female,9,74,75,Low,67,79,76,Average,Yes,42
144,Female,10,77,45,Medium,47,39,50,Average,Yes,35
145,Female,9,51,80,High,71,87,82,Average,No,46
146,Male,9,84,93,High,98,93,90,Poor,Yes,52
147,Male,6,86,85,High,80,90,79,Average,No,48
148,Male,8,54,83,Low,80,87,78,Good,Yes,45
149,Male,1,50,70,Medium,67,82,60,Good,Yes,39
150,Female,10,89,59,High,54,57,61,Good,No,44
151,Male,4,61,63,Low,66,69,66,Poor,No,35
152,Male,1,85,64,Medium,56,62,55,Average,Yes,35
153,Male,8,94,75,Low,74,72,83,Poor,No,39
154,Male,1,72,60,High,52,53,53,Good,No,36
155,Male,3,96,69,High,70,69,57,Average,Yes,42
156,Female,4,80,63,Medium,69,71,54,Good,Yes,40
157,Male,8,60,83,Medium,77,79,81,Good,No,46
158,Female,6,59,81,Medium,90,84,80,Average,No,43
159,Male,10,52,69,High,67,61,61,Average,Yes,43
160,Female,7,63,61,Low,71,62,69,Good,No,38
161,Male,8,65,67,Medium,76,69,70,Good,No,43
162,Male,2,59,46,Medium,42,53,46,Average,Yes,35
163,Female,10,78,74,High,67,79,74,Average,No,46
164,Female,8,59,94,Medium,96,93,98,Good,Yes,53
165,Female,3,61,67,Low,69,75,61,Poor,Yes,35
166,Male,7,79,53,Medium,52,62,48,Average,No,35
167,Female,3,90,95,High,100,98,95,Poor,No,48
168,Male,7,50,49,Low,55,57,52,Average,No,35
169,Male,2,54,55,High,64,60,46,Poor,Yes,35
170,Female,10,69,55,Low,64,62,50,Average,Yes,36
171,Female,6,57,93,Medium,95,98,96,Average,Yes,49
172,Male,3,92,70,Medium,76,70,78,Average,Yes,42
173,Male,3,61,81,High,74,76,78,Good,Yes,46
174,Female,9,50,64,Medium,54,66,63,Good,Yes,41
175,Female,7,69,52,High,42,49,51,Good,Yes,39
176,Female,5,77,45,High,49,51,37,Good,No,35
177,Male,10,92,83,Medium,85,79,86,Poor,Yes,47
178,Male,7,86,48,High,54,50,36,Average,Yes,36
179,Male,9,96,84,High,81,93,80,Good,Yes,55
180,Male,1,86,75,Low,82,79,74,Average,Yes,39
181,Male,7,61,95,Medium,97,97,87,Poor,Yes,47
182,Male,6,86,82,High,85,87,91,Good,Yes,53
183,Female,10,98,59,Low,56,68,66,Average,No,38
184,Male,9,98,57,High,54,67,66,Average,Yes,44
185,Male,1,93,82,High,86,88,72,Good,No,47
186,Male,4,77,60,Low,62,60,52,Good,No,35
187,Female,9,96,43,High,39,42,35,Average,No,35
188,Male,4,64,89,Medium,83,100,90,Good,Yes,49
189,Male,10,55,72,Medium,78,64,61,Good,No,43
190,Female,3,93,66,Low,71,61,66,Good,Yes,39
191,Male,9,69,46,Low,37,51,40,Poor,Yes,35
192,Male,2,99,45,High,52,38,42,Poor,No,35
193,Male,4,63,54,High,60,61,54,Good,No,38
194,Male,6,51,57,High,53,51,60,Good,Yes,40
195,Male,2,58,71,Medium,73,70,72,Good,Yes,41
196,Female,8,86,95,Low,100,92,93,Poor,Yes,47
197,Female,8,69,50,High,53,57,47,Poor,Yes,35
198,Female,1,75,59,Low,66,66,52,Good,Yes,35
199,Male,3,78,63,High,65,61,54,Poor,No,35
200,Male,10,50,54,High,54,58,62,Average,No,38
201,Male,9,84,87,High,97,91,75,Poor,No,48
202,Female,5,55,46,High,56,42,40,Poor,Yes,35
203,Male,6,86,60,Low,65,71,56,Good,No,37
204,Male,4,54,81,High,87,90,76,Good,No,47
205,Female,10,82,65,Medium,62,71,57,Average,No,40
206,Male,2,98,83,High,91,92,89,Average,Yes,49
207,Female,8,100,95,Medium,100,88,92,Good,Yes,55
208,Female,6,63,53,High,57,54,51,Average,Yes,37
209,Female,5,61,76,High,74,80,78,Average,Yes,45
210,Male,9,91,60,Low,69,69,53,Good,No,39
211,Male,1,69,57,Medium,56,63,59,Poor,No,35
212,Male,5,99,44,High,45,47,36,Good,Yes,37
213,Male,6,73,42,Medium,52,48,48,Average,Yes,35
214,Male,5,92,62,Medium,71,66,71,Average,Yes,41
215,Male,6,83,65,Low,55,74,71,Average,Yes,38
216,Male,6,74,76,Low,85,82,73,Good,Yes,44
217,Female,7,99,63,High,61,65,62,Average,No,42
218,Male,4,78,88,Medium,92,98,97,Average,Yes,49
219,Female,8,88,58,Low,48,52,49,Good,No,35
220,Male,7,80,90,Medium,91,88,95,Average,Yes,50
221,Male,9,96,64,Medium,56,76,67,Average,Yes,43
222,Male,7,92,60,Low,60,65,55,Average,Yes,36
223,Female,3,99,51,Medium,42,56,42,Good,No,35
224,Female,3,72,80,Medium,85,84,79,Poor,Yes,41
225,Female,8,93,72,Medium,70,75,61,Poor,No,39
226,Female,5,87,89,High,93,89,80,Average,Yes,50
227,Male,4,69,92,Low,93,84,84,Average,No,42
228,Female,8,72,43,Medium,35,53,35,Good,No,35
229,Male,6,94,81,Medium,83,83,77,Good,Yes,49
230,Male,2,65,46,Medium,49,56,54,Good,No,35
231,Female,4,99,61,High,58,70,66,Good,Yes,44
232,Female,4,91,94,Medium,91,97,92,Good,No,51
233,Female,6,57,72,High,73,64,62,Poor,Yes,39
234,Female,6,99,56,High,46,66,45,Good,Yes,42
235,Female,1,70,63,Medium,63,74,59,Average,No,35
236,Female,8,50,73,High,70,81,74,Average,No,44
237,Female,6,57,67,Medium,66,63,58,Good,Yes,40
238,Female,3,78,82,Medium,90,76,78,Average,No,42
239,Male,9,81,80,Low,80,73,80,Good,Yes,47
240,Female,2,87,78,Low,74,72,83,Average,Yes,39
241,Female,8,54,61,High,61,60,63,Good,No,42
242,Male,10,96,88,High,94,95,85,Poor,Yes,52
243,Female,3,71,56,High,46,53,59,Good,Yes,38
244,Male,5,96,73,Medium,83,77,72,Good,No,45
245,Male,6,83,45,Medium,55,52,52,Average,Yes,35
246,Female,10,50,85,Low,82,92,77,Average,No,43
247,Male,6,75,45,High,40,39,35,Poor,Yes,35
248,Male,4,92,73,Medium,80,77,70,Poor,Yes,40
249,Male,3,59,40,High,35,45,35,Good,Yes,35
250,Male,4,79,49,Low,43,48,43,Good,No,35
251,Female,1,99,60,Medium,62,63,64,Average,No,35
252,Male,4,67,44,High,52,56,47,Good,Yes,37
253,Female,1,66,41,Medium,38,40,35,Good,Yes,35
254,Male,1,75,61,Medium,59,73,62,Average,No,35
255,Male,10,57,87,High,93,87,84,Good,Yes,54
256,Male,6,96,41,Low,35,35,50,Good,No,35
257,Male,5,89,49,High,57,46,43,Average,Yes,36
258,Female,4,98,73,Medium,73,83,77,Average,No,42
259,Female,3,61,55,High,61,57,48,Poor,Yes,35
260,Male,1,76,87,High,97,89,96,Good,No,50
261,Male,6,57,90,Medium,98,94,81,Good,No,48
262,Female,2,74,78,Medium,69,80,82,Good,Yes,44
263,Male,8,95,61,High,58,70,57,Poor,Yes,40
264,Male,10,53,51,Medium,59,57,42,Average,No,35
265,Male,5,82,63,High,59,55,57,Poor,No,35
266,Female,7,50,86,Low,92,98,75,Poor,Yes,41
267,Female,10,68,79,Medium,74,77,83,Good,Yes,49
268,Female,2,80,77,High,85,81,72,Good,No,46
269,Male,8,65,49,High,44,52,51,Good,Yes,39
270,Male,2,63,74,Medium,65,83,76,Good,No,41
271,Female,4,97,90,High,85,100,85,Poor,Yes,49
272,Female,1,54,88,Medium,82,94,91,Average,No,42
273,Female,5,90,71,Low,79,70,77,Average,No,39
274,Female,9,75,46,High,55,56,44,Good,No,39
275,Male,1,77,60,High,53,61,49,Good,Yes,38
276,Female,9,51,59,High,65,57,63,Average,No,39
277,Male,8,99,65,Medium,65,74,68,Average,Yes,43
278,Female,6,55,43,Low,36,50,45,Poor,Yes,35
279,Male,7,58,85,Low,87,96,85,Average,Yes,45
280,Female,3,82,91,Medium,100,88,93,Average,Yes,48
281,Female,1,90,61,Medium,67,61,52,Poor,No,35
282,Female,5,74,54,High,52,66,57,Average,Yes,38
283,Female,2,97,95,Medium,88,99,94,Good,No,50
284,Male,5,62,79,High,82,91,70,Average,No,44
285,Female,8,58,60,High,68,59,50,Poor,No,36
286,Male,9,62,54,Medium,46,61,63,Average,Yes,37
287,Male,2,80,61,High,64,65,65,Average,Yes,39
288,Male,3,90,91,High,88,95,100,Average,No,50
289,Male,3,60,67,Medium,57,75,72,Average,Yes,38
290,Female,1,53,53,Low,52,64,58,Average,Yes,35
291,Male,8,83,66,Medium,73,62,70,Average,Yes,42
292,Male,6,87,80,Medium,85,92,79,Good,Yes,49
293,Male,8,95,79,High,76,87,87,Average,No,49
294,Female,9,53,67,Medium,57,67,58,Good,Yes,41
295,Female,5,87,65,High,66,58,64,Average,Yes,41
296,Female,3,68,88,High,85,97,97,Poor,Yes,47
297,Female,5,55,41,Low,46,41,49,Average,Yes,35
298,Male,5,83,64,High,71,61,71,Average,Yes,43
299,Male,5,67,95,Medium,88,97,97,Good,Yes,52
300,Female,3,62,42,Medium,37,39,45,Good,Yes,35
301,Male,10,90,47,High,48,44,39,Good,No,39
302,Male,4,72,83,Low,81,87,91,Good,Yes,45
303,Male,9,68,72,Medium,76,74,74,Good,Yes,47
304,Female,10,94,81,Medium,86,86,85,Average,Yes,50
305,Female,9,60,91,Medium,92,84,96,Average,Yes,50
306,Male,2,50,74,High,77,73,66,Good,No,42
307,Female,8,73,45,Medium,47,39,45,Good,Yes,35
308,Female,8,56,78,Low,69,90,84,Poor,Yes,40
309,Female,7,74,91,Medium,83,85,91,Good,Yes,51
310,Female,8,70,62,High,61,54,67,Average,No,40
311,Female,3,64,64,Low,62,74,65,Average,Yes,35
312,Male,6,50,89,Low,98,98,80,Average,No,43
313,Female,1,61,82,Low,79,90,73,Good,Yes,41
314,Male,7,56,58,Low,57,69,65,Good,No,36
315,Male,1,64,44,High,52,48,51,Average,No,35
316,Female,9,70,90,High,82,84,96,Poor,Yes,50
317,Male,1,68,50,Medium,44,42,50,Average,Yes,35
318,Male,1,78,95,High,87,90,94,Good,Yes,52
319,Male,7,74,51,Medium,56,55,45,Average,Yes,35
320,Female,2,82,49,High,55,57,48,Average,Yes,35
321,Female,5,98,47,High,51,49,55,Average,Yes,37
322,Male,8,81,63,Medium,55,56,54,Average,Yes,38
323,Female,8,98,67,High,68,74,56,Average,Yes,45
324,Female,3,84,80,High,78,73,69,Good,Yes,47
325,Female,7,93,75,Medium,85,85,67,Poor,Yes,43
326,Female,3,87,76,Low,77,86,73,Good,Yes,43
327,Male,6,75,60,Medium,64,67,57,Average,No,36
328,Male,6,60,47,High,38,57,43,Average,Yes,35
329,Female,3,84,94,High,100,94,94,Average,No,50
330,Female,7,57,48,High,57,40,42,Good,Yes,37
331,Male,3,95,86,High,87,87,78,Good,Yes,51
332,Male,8,63,54,Medium,47,64,51,Good,Yes,38
333,Female,10,59,87,High,92,79,84,Average,Yes,51
334,Male,4,51,85,High,90,78,78,Average,No,44
335,Female,1,95,79,Medium,69,86,85,Good,No,44
336,Female,4,58,57,Medium,48,60,65,Good,Yes,37
337,Male,7,52,81,High,73,80,76,Average,No,44
338,Male,4,70,59,Low,69,68,47,Good,Yes,36
339,Female,6,75,45,High,54,38,49,Average,No,35
340,Female,9,57,51,Low,57,55,45,Average,No,35
341,Male,1,97,41,Medium,50,38,42,Average,Yes,35
342,Female,5,51,46,High,56,58,54,Average,Yes,35
343,Male,7,55,55,Medium,45,52,63,Average,Yes,35
344,Female,1,77,42,Low,51,42,46,Average,No,35
345,Male,4,78,84,Medium,79,91,80,Poor,Yes,42
346,Male,6,75,42,High,46,44,46,Poor,No,35
347,Male,2,74,66,Low,69,64,58,Average,No,35
348,Female,10,61,89,High,98,90,96,Good,Yes,57
349,Female,5,54,82,Low,86,83,77,Average,Yes,41
350,Male,10,83,79,High,82,90,72,Poor,No,46
351,Female,1,97,77,High,87,86,75,Poor,Yes,43
352,Male,6,86,72,Medium,66,83,78,Good,No,45
353,Male,6,64,67,Medium,62,67,58,Average,Yes,38
354,Female,4,93,40,Medium,46,46,45,Average,Yes,35
355,Female,8,85,94,Medium,94,89,82,Poor,Yes,48
356,Male,4,64,47,Low,52,46,47,Good,No,35
357,Female,8,92,76,Low,77,76,77,Average,Yes,43
358,Female,8,97,71,Low,75,75,59,Average,No,39
359,Male,5,72,87,Medium,80,87,85,Poor,Yes,43
360,Male,4,55,82,Medium,89,77,86,Average,No,42
361,Female,2,95,76,Medium,86,84,67,Good,Yes,45
362,Male,3,99,43,High,35,50,42,Good,Yes,36
363,Male,3,93,69,Medium,66,75,66,Good,No,41
364,Female,4,92,45,Medium,37,39,38,Good,Yes,35
365,Male,4,94,85,Medium,82,96,73,Poor,Yes,43
366,Male,10,70,93,High,100,89,87,Average,Yes,54
367,Female,5,72,58,High,57,54,66,Good,No,40
368,Female,4,92,71,High,80,82,74,Average,No,44
369,Male,10,65,48,High,54,54,49,Good,Yes,41
370,Male,8,96,51,Low,48,60,58,Average,Yes,35
371,Female,6,64,50,High,50,56,57,Average,No,35
372,Female,6,74,85,High,79,78,78,Good,Yes,50
373,Female,8,85,94,Low,96,98,100,Good,No,51
374,Female,7,60,55,High,65,50,47,Good,Yes,40
375,Male,10,100,40,Low,35,41,48,Poor,No,35
376,Female,10,64,84,High,86,88,89,Good,No,53
377,Female,8,53,94,Low,89,95,96,Average,No,46
378,Male,2,70,92,Medium,86,92,85,Average,No,44
379,Female,9,62,60,High,58,59,66,Good,Yes,44
380,Male,1,71,69,Medium,74,63,57,Good,Yes,39
381,Female,8,68,52,Medium,43,59,40,Poor,Yes,35
382,Female,4,83,73,Medium,63,78,73,Good,No,42
383,Female,4,63,43,High,40,43,35,Poor,No,35
384,Male,5,53,67,Low,75,79,64,Poor,No,35
385,Male,8,97,77,Medium,77,79,85,Average,Yes,47
386,Female,5,95,70,High,71,64,60,Good,Yes,46
387,Male,8,76,94,High,95,90,90,Average,Yes,53
388,Male,10,78,66,Medium,62,67,61,Good,No,43
389,Male,1,96,44,High,46,48,35,Average,Yes,35
390,Male,10,77,64,High,61,59,64,Good,Yes,46
391,Male,9,84,42,High,40,46,35,Average,No,35
392,Male,6,57,72,Medium,68,75,72,Good,Yes,43
393,Female,3,65,43,Low,53,39,50,Average,Yes,35
394,Female,8,91,64,Medium,68,65,71,Good,Yes,45
395,Male,9,85,59,Medium,50,59,58,Good,No,40
396,Female,6,79,73,Medium,82,84,73,Good,Yes,47
397,Female,7,67,65,Low,66,63,54,Average,No,35
398,Female,1,51,44,Medium,35,37,52,Good,Yes,35
399,Female,5,98,74,Medium,71,72,77,Poor,No,39
400,Male,5,62,67,Medium,61,66,60,Good,Yes,40
401,Female,10,53,68,High,72,66,74,Good,Yes,48
402,Female,4,75,48,Medium,38,60,56,Poor,No,35
403,Male,6,74,91,Low,81,96,91,Average,No,44
404,Male,7,79,77,High,76,87,81,Average,Yes,48
405,Female,9,60,89,Low,88,85,85,Average,No,44
406,Female,1,56,45,High,55,54,49,Good,Yes,35
407,Female,6,80,58,High,62,69,47,Average,No,38
408,Female,7,93,83,Medium,89,86,89,Average,No,47
409,Female,3,59,50,High,45,58,56,Average,Yes,35
410,Female,8,88,41,Medium,35,45,35,Average,No,35
411,Male,5,62,86,Medium,88,79,95,Average,Yes,46
412,Female,9,80,83,Low,88,87,80,Good,Yes,49
413,Female,5,56,83,Medium,80,81,80,Poor,No,39
414,Male,9,98,48,High,52,49,55,Good,No,41
415,Male,10,91,60,Medium,66,57,56,Average,Yes,41
416,Male,4,91,63,Medium,69,57,67,Average,Yes,39
417,Male,9,85,73,Medium,75,67,75,Good,Yes,47
418,Female,5,69,61,Medium,67,70,50,Average,No,35
419,Female,10,53,42,Low,37,44,35,Average,Yes,35
420,Female,9,56,51,Medium,57,62,57,Poor,Yes,35
421,Female,3,50,67,High,72,63,71,Average,Yes,40
422,Female,4,93,69,Low,72,79,61,Average,Yes,38
423,Female,9,94,65,Low,67,75,59,Poor,Yes,37
424,Male,10,91,87,Low,82,93,92,Average,Yes,49
425,Female,6,96,60,Medium,52,67,68,Poor,Yes,37
426,Male,2,62,67,High,70,67,76,Average,Yes,41
427,Male,7,71,95,Low,98,90,89,Poor,No,43
428,Female,2,70,65,Low,69,71,69,Poor,Yes,35
429,Male,2,71,72,Medium,69,75,66,Average,No,37
430,Female,1,77,60,High,64,54,51,Good,No,37
431,Male,3,58,74,Medium,76,79,69,Poor,No,35
432,Female,6,75,91,Medium,97,99,91,Good,No,51
433,Male,8,58,73,High,83,83,64,Poor,Yes,43
434,Female,9,64,80,Medium,72,77,73,Good,Yes,47
435,Female,7,59,90,High,85,85,82,Poor,Yes,47
436,Female,4,73,86,High,80,84,85,Good,Yes,50
437,Female,6,91,57,Medium,63,67,48,Good,No,39
438,Female,5,57,50,Medium,41,58,46,Poor,No,35
439,Male,8,73,62,Low,66,69,53,Good,No,38
440,Male,1,65,87,Medium,81,93,93,Average,Yes,44
441,Male,1,98,61,High,70,60,62,Average,No,38
442,Female,6,75,56,Medium,51,66,48,Good,Yes,38
443,Male,10,76,44,Low,39,43,49,Good,Yes,35
444,Female,2,86,83,High,90,92,80,Average,Yes,48
445,Female,5,53,50,Medium,57,57,56,Average,No,35
446,Male,1,99,69,Low,62,80,68,Good,Yes,39
447,Male,7,73,54,Medium,60,64,59,Good,No,39
448,Female,1,68,66,Medium,69,67,70,Good,No,38
449,Male,4,85,74,High,77,82,72,Good,No,46
450,Female,9,88,72,Low,74,76,62,Average,Yes,41
451,Female,1,59,59,Medium,55,63,63,Good,No,35
452,Female,4,74,55,Medium,56,53,43,Poor,No,35
453,Female,6,67,73,Medium,77,74,75,Average,Yes,42
454,Female,6,68,41,Medium,49,35,37,Average,Yes,35
455,Male,8,85,74,Medium,74,69,76,Average,Yes,44
456,Male,1,59,79,Medium,83,76,69,Poor,Yes,37
457,Female,7,82,95,High,96,100,100,Good,Yes,58
458,Female,1,99,67,Medium,59,64,73,Average,No,37
459,Male,7,54,86,Low,92,94,86,Average,Yes,45
460,Male,3,96,78,Medium,70,83,77,Good,Yes,46
461,Female,8,98,45,High,53,47,52,Average,No,37
462,Male,3,84,48,High,57,58,36,Poor,Yes,35
463,Female,1,93,59,Low,52,52,67,Average,No,35
464,Male,8,83,40,High,35,35,44,Good,Yes,37
465,Female,3,82,47,Medium,52,49,47,Poor,Yes,35
466,Male,2,70,94,Low,95,91,82,Average,Yes,43
467,Female,1,66,62,Low,59,67,59,Average,Yes,35
468,Male,3,71,42,Low,48,52,44,Average,Yes,35
469,Male,2,97,43,High,39,50,37,Poor,No,35
470,Female,2,86,64,Low,64,76,73,Average,Yes,36
471,Male,6,64,86,Low,93,84,91,Average,No,43
472,Female,1,84,77,High,67,76,80,Good,Yes,46
473,Male,2,77,54,Medium,46,64,55,Average,Yes,35
474,Female,6,56,60,Low,53,71,65,Average,No,35
475,Male,3,81,74,Low,76,81,68,Average,Yes,39
476,Female,4,60,92,Low,87,90,96,Average,No,43
477,Male,1,59,92,Low,95,92,97,Good,No,44
478,Female,8,58,85,High,79,89,84,Average,No,48
479,Male,7,63,91,Low,96,83,86,Average,Yes,45
480,Female,7,62,53,Low,57,52,62,Good,Yes,36
481,Female,3,74,75,High,79,70,64,Average,No,41
482,Female,10,51,51,High,44,45,45,Average,No,35
483,Male,10,84,56,Medium,53,50,47,Average,Yes,37
484,Female,3,56,78,Medium,83,82,83,Average,Yes,42
485,Male,2,70,48,Medium,53,47,41,Poor,Yes,35
486,Female,1,67,74,Medium,67,72,70,Poor,Yes,35
487,Male,7,52,52,Medium,54,44,48,Average,Yes,35
488,Female,7,91,54,Medium,56,61,55,Good,Yes,40
489,Male,2,88,57,High,48,54,52,Average,No,35
490,Male,7,90,90,Low,82,88,96,Average,No,46
491,Female,8,98,72,High,69,75,62,Poor,No,42
492,Male,1,60,45,Low,49,45,50,Average,Yes,35
493,Male,9,88,66,High,66,68,58,Poor,Yes,42
494,Female,7,73,62,Medium,60,63,63,Good,No,40
495,Male,3,95,66,High,62,78,57,Good,No,42
496,Male,8,68,73,Low,75,65,67,Good,No,40
497,Male,7,53,95,Medium,86,100,100,Good,No,51
498,Female,8,75,85,Medium,82,80,84,Average,Yes,47
499,Male,6,87,77,High,73,73,66,Average,No,44
500,Female,9,91,53,Medium,54,53,51,Average,Yes,38
501,Male,5,81,75,Medium,83,83,76,Average,Yes,44
502,Male,3,88,92,Medium,88,86,100,Good,No,49
503,Male,3,94,47,Medium,46,54,50,Poor,Yes,35
504,Female,1,95,74,Medium,79,70,81,Good,Yes,44
505,Male,8,85,58,Low,50,65,51,Average,Yes,35
506,Male,2,89,69,High,68,63,60,Good,Yes,43
507,Female,3,86,53,High,48,64,55,Good,No,38
508,Male,8,82,59,High,66,65,47,Good,Yes,44
509,Female,8,85,88,Low,95,82,82,Good,Yes,49
510,Female,4,52,64,High,58,75,63,Average,Yes,39
511,Male,4,58,79,High,89,84,76,Good,Yes,48
512,Female,5,57,63,High,59,70,55,Good,Yes,41
513,Male,6,82,53,Medium,44,61,52,Good,No,36
514,Female,5,55,65,Medium,65,76,70,Good,Yes,41
515,Female,7,90,77,High,79,86,74,Good,No,50
516,Male,2,88,62,Medium,56,71,55,Good,No,37
517,Female,7,53,61,Low,56,66,60,Average,No,35
518,Female,10,62,87,Medium,90,96,81,Good,Yes,52
519,Female,7,98,58,High,59,64,63,Average,Yes,43
520,Female,1,51,85,High,78,91,74,Poor,No,39
521,Female,7,54,90,High,85,87,87,Average,Yes,50
522,Male,5,93,42,Medium,41,48,44,Average,No,35
523,Female,3,76,81,Low,88,90,80,Poor,No,38
524,Male,3,81,58,Low,62,53,62,Poor,No,35
525,Female,4,70,48,Low,45,47,39,Average,No,35
526,Male,2,57,67,Low,65,73,61,Poor,Yes,35
527,Male,2,87,59,Medium,53,53,55,Average,Yes,35
528,Female,1,57,84,Low,83,90,90,Good,No,41
529,Female,5,99,46,Medium,55,50,40,Good,Yes,36
530,Female,4,52,53,High,48,53,42,Good,Yes,36
531,Male,10,93,48,Medium,53,41,41,Good,No,37
532,Female,2,52,94,High,86,93,99,Good,Yes,51
533,Male,3,71,58,Medium,57,69,51,Average,No,35
534,Male,7,55,86,Low,86,94,86,Good,No,45
535,Male,7,51,91,Medium,91,95,97,Good,Yes,52
536,Female,4,72,53,Low,59,45,42,Average,No,35
537,Female,5,93,95,Medium,88,88,94,Poor,No,45
538,Male,5,51,77,High,70,83,79,Good,No,45
539,Male,6,87,92,Low,98,95,93,Poor,Yes,46
540,Female,9,66,75,Low,73,80,68,Good,Yes,44
541,Male,2,84,79,Medium,87,72,84,Average,No,42
542,Female,5,83,56,High,50,65,48,Average,Yes,38
543,Male,3,72,69,High,64,67,74,Average,Yes,41
544,Female,4,79,48,High,40,45,38,Poor,No,35
545,Male,10,57,72,Low,62,77,62,Average,Yes,39
546,Female,6,71,95,High,100,94,100,Good,Yes,56
547,Male,8,93,91,High,96,84,100,Good,Yes,57
548,Female,1,85,64,Medium,64,72,61,Good,Yes,39
549,Female,10,54,53,High,55,49,59,Average,No,38
550,Male,8,62,50,Medium,49,55,40,Good,Yes,36
551,Male,7,78,92,High,84,100,91,Average,Yes,53
552,Female,1,80,74,High,72,86,77,Average,No,42
553,Male,2,96,80,Low,81,92,84,Average,No,41
554,Female,3,65,53,Medium,56,47,47,Average,No,35
555,Male,1,91,69,High,59,65,69,Average,Yes,40
556,Female,9,79,80,Low,87,87,69,Poor,Yes,42
557,Female,8,65,43,Medium,49,52,35,Good,No,35
558,Female,2,61,43,High,41,51,40,Good,Yes,35
559,Female,9,66,67,Medium,65,69,61,Average,No,39
560,Female,7,65,47,Low,46,55,51,Poor,Yes,35
561,Female,9,61,41,Medium,49,48,48,Average,Yes,35
562,Male,6,57,80,Low,84,73,73,Average,No,39
563,Male,6,69,85,Medium,79,80,91,Good,No,47
564,Male,4,52,61,Low,65,73,53,Average,No,35
565,Female,10,65,80,Medium,89,78,77,Good,Yes,50
566,Female,10,79,95,Medium,86,88,91,Good,Yes,54
567,Female,2,94,94,High,96,91,94,Average,Yes,51
568,Female,7,72,55,Medium,60,63,61,Good,Yes,40
569,Male,5,77,68,Medium,72,66,76,Average,Yes,41
570,Male,6,100,88,High,87,84,81,Average,Yes,51
571,Female,2,89,87,Low,90,83,78,Average,Yes,42
572,Male,5,54,69,Medium,68,80,59,Poor,No,35
573,Male,10,69,51,Low,54,58,41,Poor,No,35
574,Female,4,89,74,High,72,84,65,Average,No,43
575,Male,9,93,50,Low,53,50,42,Good,Yes,36
576,Female,6,50,85,Medium,77,81,80,Good,No,45
577,Male,2,79,89,High,98,88,92,Good,Yes,52
578,Female,1,70,60,Medium,65,60,69,Poor,Yes,35
579,Female,5,69,60,Low,51,56,50,Good,No,35
580,Female,9,55,44,Medium,43,45,43,Good,Yes,35
581,Female,6,71,87,Medium,79,80,82,Good,Yes,48
582,Male,10,67,59,High,59,59,59,Good,Yes,44
583,Female,7,57,76,Medium,76,78,67,Good,Yes,45
584,Female,5,88,42,Medium,52,37,43,Average,No,35
585,Female,10,81,83,Medium,93,76,84,Good,No,50
586,Male,6,82,72,High,74,69,72,Average,No,43
587,Female,5,65,92,Medium,88,97,85,Good,Yes,50
588,Male,9,61,48,Medium,54,40,52,Average,No,35
589,Female,6,87,48,Low,39,57,39,Poor,Yes,35
590,Male,8,83,43,Low,44,41,38,Poor,Yes,35
591,Male,2,63,74,Low,73,66,78,Good,No,37
592,Female,9,85,56,Low,63,48,46,Average,Yes,35
593,Male,5,82,73,Medium,73,65,77,Average,No,40
594,Female,7,72,63,Medium,68,58,59,Good,Yes,41
595,Female,10,99,71,Low,77,66,60,Good,No,43
596,Female,1,94,40,High,48,49,40,Average,No,35
597,Male,10,51,47,Low,54,49,54,Average,Yes,35
598,Male,5,90,84,High,76,76,73,Good,Yes,49
599,Female,10,70,62,Medium,72,63,69,Good,No,43
600,Female,2,51,86,Medium,91,86,84,Average,Yes,43
601,Male,6,76,79,Low,74,74,88,Good,Yes,45
602,Female,1,58,51,Medium,52,48,53,Average,No,35
603,Female,3,50,93,Medium,93,100,91,Good,Yes,49
604,Female,5,60,51,High,55,44,41,Good,No,35
605,Male,4,52,85,Medium,89,94,75,Average,Yes,44
606,Male,3,72,86,High,91,87,85,Poor,Yes,45
607,Male,10,75,54,Low,53,62,46,Good,No,36
608,Female,5,53,80,High,81,84,87,Good,Yes,49
609,Female,8,67,58,Medium,60,67,52,Average,Yes,38
610,Female,4,55,65,High,58,69,59,Good,Yes,41
611,Male,1,84,91,Low,87,99,91,Good,Yes,47
612,Female,7,71,68,High,59,64,64,Average,Yes,42
613,Female,8,92,61,Medium,65,63,69,Good,Yes,44
614,Female,3,64,79,High,76,77,79,Average,Yes,44
615,Female,6,71,60,Medium,56,61,59,Good,Yes,40
616,Male,2,86,90,High,94,98,90,Poor,No,46
617,Male,7,91,77,Low,80,83,74,Poor,No,39
618,Female,8,61,59,High,56,68,47,Average,Yes,39
619,Male,6,96,68,High,69,78,63,Good,No,46
620,Male,6,98,90,High,92,83,99,Good,No,54
621,Female,5,91,43,Medium,43,38,46,Good,Yes,35
622,Female,8,87,94,Medium,100,88,94,Good,No,53
623,Male,1,67,46,High,52,44,36,Average,Yes,35
624,Female,10,94,67,Low,60,76,57,Good,No,41
625,Male,4,84,67,Medium,77,68,59,Average,Yes,39
626,Female,4,79,43,High,40,41,41,Good,Yes,35
627,Male,3,73,61,High,55,60,55,Average,No,36
628,Female,3,91,51,Low,56,48,59,Good,Yes,35
629,Male,4,79,84,High,77,76,81,Good,Yes,49
630,Male,1,63,42,High,46,37,39,Good,Yes,35
631,Male,2,55,61,Low,62,66,68,Poor,Yes,35
632,Female,9,52,83,High,77,91,72,Average,No,46
633,Male,10,65,41,Low,46,52,35,Average,No,35
634,Male,2,56,63,Medium,66,72,58,Good,Yes,38
635,Female,5,63,73,Low,72,75,71,Average,Yes,38
636,Female,9,58,66,Low,62,78,66,Good,No,40
637,Male,9,64,94,High,96,99,88,Average,Yes,54
638,Male,8,70,80,Medium,89,80,80,Average,No,45
639,Female,1,84,40,Medium,35,46,35,Good,Yes,35
640,Female,1,51,47,Low,39,50,40,Average,Yes,35
641,Female,9,76,62,Medium,66,63,58,Good,Yes,43
642,Female,8,51,77,Medium,70,87,84,Good,Yes,47
643,Female,10,84,45,Medium,49,55,35,Average,Yes,35
644,Male,9,67,61,Medium,64,58,66,Poor,Yes,37
645,Female,7,63,64,High,73,75,67,Average,Yes,43
646,Male,3,69,57,Medium,65,54,56,Average,Yes,35
647,Male,3,67,56,Medium,58,55,50,Good,Yes,36
648,Male,2,59,51,Medium,50,43,45,Average,Yes,35
649,Female,5,74,45,High,55,53,49,Average,Yes,36
650,Male,3,51,65,Medium,59,73,65,Average,Yes,36
651,Male,6,74,66,Medium,75,72,64,Poor,Yes,38
652,Female,2,82,47,Medium,56,45,40,Average,No,35
653,Male,3,85,58,High,53,68,59,Good,No,40
654,Male,5,80,81,Medium,74,75,74,Good,Yes,46
655,Female,1,63,40,High,35,42,35,Good,Yes,35
656,Male,1,50,68,Medium,73,79,57,Good,Yes,38
657,Male,10,95,84,Low,91,94,93,Average,No,48
658,Male,9,65,88,High,82,88,95,Good,Yes,55
659,Female,7,95,74,Medium,67,75,76,Poor,Yes,42
660,Female,1,52,79,High,81,72,83,Average,No,41
661,Female,8,84,53,High,61,45,48,Average,Yes,39
662,Male,3,90,74,High,65,81,66,Poor,Yes,41
663,Male,8,55,87,Low,89,96,91,Good,Yes,49
664,Female,5,74,84,High,84,92,91,Average,No,48
665,Male,1,62,59,Medium,52,56,47,Good,Yes,35
666,Male,7,83,95,High,100,100,100,Average,No,54
667,Female,5,57,88,Medium,97,94,93,Average,No,46
668,Female,6,70,52,High,56,57,54,Good,Yes,40
669,Male,6,83,77,Medium,70,71,69,Average,Yes,42
670,Male,8,53,88,Medium,86,98,82,Average,Yes,48
671,Male,9,74,85,Low,81,88,90,Poor,No,42
672,Female,2,64,88,High,96,81,81,Good,No,48
673,Female,9,53,47,Medium,55,41,56,Good,Yes,37
674,Female,10,94,82,Medium,77,91,90,Average,No,49
675,Female,9,61,59,High,54,51,51,Good,Yes,42
676,Male,10,81,72,Medium,81,83,78,Good,Yes,50
677,Female,10,81,65,Low,69,77,62,Good,No,42
678,Female,7,77,78,Medium,82,75,80,Good,No,46
679,Female,1,62,60,Medium,69,56,57,Average,Yes,35
680,Female,7,80,92,Medium,90,84,95,Good,No,51
681,Female,10,63,88,Low,81,98,87,Average,No,45
682,Male,5,69,81,Low,88,73,86,Poor,No,38
683,Male,6,67,82,Medium,89,94,70,Good,No,46
684,Female,10,78,93,High,87,100,96,Good,No,56
685,Male,7,55,80,Low,89,87,89,Average,Yes,44
686,Female,5,81,48,Medium,48,51,41,Average,No,35
687,Female,7,78,63,High,57,62,53,Good,Yes,43
688,Male,9,92,76,Low,69,83,65,Poor,No,38
689,Male,3,51,88,Medium,89,80,77,Poor,Yes,40
690,Female,8,72,80,High,71,75,80,Poor,No,43
691,Female,2,68,56,High,58,57,52,Average,Yes,35
692,Female,7,80,63,High,62,65,66,Good,Yes,45
693,Male,2,100,60,High,58,68,52,Poor,Yes,36
694,Female,4,54,90,High,89,88,98,Good,No,50
695,Female,7,68,78,Medium,74,81,72,Average,No,42
696,Female,3,83,94,High,87,100,94,Good,Yes,54
697,Male,2,59,80,Low,88,78,87,Good,No,41
698,Female,10,74,78,High,77,81,78,Good,No,50
699,Female,7,51,52,Medium,44,58,46,Good,No,35
700,Male,1,60,50,Medium,60,43,47,Good,Yes,35
701,Female,8,99,85,Medium,93,90,87,Average,No,49
702,Female,3,80,58,High,68,62,66,Good,Yes,42
703,Male,2,64,50,Low,41,45,43,Good,No,35
704,Female,3,58,52,High,61,57,44,Average,No,35
705,Male,5,72,85,High,84,90,74,Average,No,46
706,Male,8,68,84,Low,75,91,92,Good,No,46
707,Female,10,58,40,High,35,38,42,Good,Yes,36
708,Female,7,84,79,High,85,89,82,Average,Yes,50
709,Female,7,70,83,Medium,88,76,89,Average,Yes,47
710,Female,7,58,58,Medium,63,59,54,Good,Yes,39
711,Male,8,77,51,Medium,54,60,60,Average,Yes,37
712,Female,1,95,47,Low,43,55,53,Good,No,35
713,Male,4,100,47,Medium,57,43,41,Good,No,35
714,Female,6,56,92,High,92,95,83,Good,Yes,53
715,Female,9,65,84,Low,74,81,74,Average,Yes,43
716,Female,2,65,51,High,51,51,58,Good,Yes,37
717,Male,1,82,87,Medium,97,98,85,Good,Yes,49
718,Female,10,53,72,Medium,65,64,60,Good,Yes,43
719,Female,2,53,84,High,80,90,77,Average,No,43
720,Female,7,88,65,High,69,77,63,Average,Yes,44
721,Female,3,89,78,Medium,85,75,66,Good,No,43
722,Male,10,66,67,Medium,68,77,75,Poor,Yes,41
723,Female,2,86,44,Medium,50,53,38,Average,No,35
724,Male,7,88,47,Low,37,44,40,Average,No,35
725,Male,2,78,64,Medium,64,68,65,Good,No,38
726,Male,3,85,66,Medium,56,58,55,Average,No,35
727,Male,7,87,85,Medium,89,89,76,Average,No,46
728,Male,4,88,62,High,72,60,60,Poor,No,37
729,Male,1,99,69,Medium,68,75,71,Good,No,41
730,Female,5,86,84,Medium,80,87,89,Average,Yes,47
731,Male,9,84,86,Medium,77,78,74,Average,Yes,47
732,Male,8,56,62,High,61,68,52,Average,Yes,40
733,Male,9,76,88,High,81,83,78,Good,No,51
734,Female,10,77,86,Medium,87,90,80,Average,Yes,49
735,Female,9,71,59,High,67,55,47,Poor,No,36
736,Male,7,63,57,Medium,57,50,55,Average,No,35
737,Female,4,56,57,Medium,54,49,50,Good,Yes,35
738,Male,5,86,41,Medium,48,48,48,Good,Yes,35
739,Male,1,71,43,Medium,43,40,35,Good,No,35
740,Female,1,54,69,High,69,76,75,Good,Yes,43
741,Male,3,51,72,High,74,77,61,Poor,No,36
742,Female,8,76,75,Low,67,69,80,Good,Yes,44
743,Female,2,70,57,Medium,58,63,56,Average,No,35
744,Male,4,87,76,Medium,68,70,73,Average,Yes,41
745,Male,2,64,58,Low,57,51,50,Average,No,35
746,Female,5,70,86,Low,92,78,82,Average,Yes,43
747,Male,9,59,67,Medium,58,67,56,Good,Yes,42
748,Male,1,72,79,Low,85,79,68,Average,Yes,38
749,Male,5,88,59,Low,64,57,52,Good,Yes,37
750,Female,9,54,88,Medium,79,82,85,Poor,No,43
751,Female,1,50,72,Medium,81,81,77,Poor,No,35
752,Male,9,62,51,High,46,53,50,Good,Yes,40
753,Female,8,70,90,Medium,89,88,81,Good,Yes,51
754,Female,4,75,54,High,53,54,63,Good,Yes,40
755,Female,10,99,80,Medium,77,72,88,Average,No,47
756,Female,5,94,78,High,68,83,82,Average,No,46
757,Female,5,70,41,High,43,52,43,Good,Yes,36
758,Male,6,67,68,High,66,65,61,Good,No,42
759,Male,7,86,80,Medium,79,78,83,Average,No,45
760,Male,8,94,49,High,53,50,53,Good,No,40
761,Female,8,81,41,Low,35,39,35,Good,No,35
762,Female,2,85,90,Medium,95,83,87,Good,No,47
763,Male,9,66,50,Medium,52,45,42,Good,No,35
764,Female,7,84,52,Medium,61,64,53,Good,Yes,40
765,Male,4,98,49,Low,56,57,57,Poor,No,35
766,Male,4,60,53,High,53,45,53,Average,Yes,35
767,Male,8,70,57,High,55,58,50,Good,Yes,42
768,Female,4,75,90,Medium,95,100,89,Average,Yes,48
769,Female,6,53,93,High,84,99,88,Poor,No,46
770,Male,5,83,48,Medium,39,49,40,Average,Yes,35
771,Male,3,97,78,High,79,88,80,Average,Yes,47
772,Male,10,67,67,Medium,64,70,70,Good,Yes,45
773,Male,2,89,42,Low,40,49,35,Good,Yes,35
774,Female,9,84,59,High,60,59,62,Average,Yes,43
775,Female,10,90,45,High,43,51,37,Poor,No,35
776,Male,9,78,66,High,65,74,56,Good,No,45
777,Male,1,78,92,High,83,97,99,Good,Yes,52
778,Female,10,87,41,High,46,50,43,Good,No,39
779,Female,3,91,68,Medium,77,61,68,Average,No,38
780,Male,8,70,77,High,73,72,80,Average,Yes,47
781,Male,6,91,42,High,35,51,40,Average,No,35
782,Male,5,62,55,Medium,45,53,63,Good,No,35
783,Female,5,98,69,High,77,73,58,Good,Yes,47
784,Female,6,90,79,Low,72,85,88,Good,Yes,46
785,Female,7,66,41,High,35,35,35,Average,No,35
786,Male,1,58,56,High,59,58,49,Good,No,35
787,Male,9,90,80,High,71,81,81,Good,Yes,52
788,Female,3,50,51,High,55,47,49,Average,Yes,35
789,Female,4,51,74,High,75,81,69,Average,Yes,43
790,Male,10,97,82,Medium,76,84,77,Average,No,47
791,Female,1,78,40,High,49,52,35,Average,Yes,35
792,Female,10,82,94,Low,90,91,100,Poor,Yes,48
793,Male,3,59,84,Low,94,84,78,Average,No,39
794,Female,2,99,54,Medium,53,58,47,Average,Yes,35
795,Male,2,89,65,Medium,68,64,73,Poor,Yes,36
796,Male,1,70,76,Medium,79,81,71,Average,Yes,40
797,Male,8,77,60,High,54,52,66,Good,No,42
798,Male,3,60,88,Medium,95,96,97,Average,Yes,47
799,Male,3,83,70,Medium,73,66,78,Good,No,42
800,Male,6,57,64,Low,55,57,71,Average,Yes,35
801,Male,8,71,62,Medium,63,62,57,Good,Yes,41
802,Female,9,57,63,Medium,58,58,64,Average,Yes,39
803,Male,9,98,77,Low,70,85,82,Good,Yes,48
804,Male,4,64,67,Medium,69,75,70,Poor,No,35
805,Female,5,66,60,Low,53,72,56,Good,Yes,36
806,Female,2,72,93,Low,96,100,95,Average,No,44
807,Female,9,73,82,Medium,87,89,79,Good,Yes,51
808,Male,8,94,57,Low,50,56,66,Average,No,35
809,Female,3,68,75,High,65,77,78,Average,No,41
810,Male,9,54,74,High,76,86,65,Average,No,44
811,Male,3,81,84,Medium,77,96,91,Good,Yes,49
812,Male,9,93,94,High,100,100,94,Good,Yes,59
813,Male,2,50,48,Medium,55,49,57,Good,Yes,35
814,Female,10,72,92,Medium,87,96,84,Poor,No,46
815,Female,9,86,77,High,69,85,86,Average,Yes,50
816,Male,8,57,69,Low,71,78,63,Good,No,40
817,Male,9,62,83,High,88,84,79,Average,No,48
818,Male,5,57,73,Low,67,80,68,Good,Yes,40
819,Female,2,72,71,Medium,64,82,74,Good,No,40
820,Male,8,92,42,Low,52,38,35,Good,No,35
821,Male,6,50,42,High,39,46,45,Average,No,35
822,Female,8,94,67,Medium,75,76,60,Average,Yes,43
823,Female,5,100,83,High,86,91,84,Average,Yes,51
824,Male,10,73,54,Medium,50,54,62,Good,Yes,41
825,Female,2,84,80,Medium,83,85,68,Average,No,41
826,Female,6,73,62,Low,57,70,58,Average,No,35
827,Male,5,66,79,Medium,80,74,79,Average,Yes,43
828,Female,5,54,50,High,55,59,56,Average,No,35
829,Male,1,69,87,Medium,93,98,91,Good,Yes,48
830,Female,2,70,71,High,73,77,69,Good,No,43
831,Male,8,89,93,High,96,95,88,Average,No,53
832,Male,3,80,75,Medium,71,78,67,Average,No,39
833,Male,10,95,72,Medium,75,72,69,Good,No,47
834,Female,3,85,63,Low,67,67,57,Poor,Yes,35
835,Male,8,60,78,Low,79,84,75,Good,Yes,45
836,Female,8,64,73,Low,79,79,64,Good,No,41
837,Male,2,68,95,Medium,93,91,91,Average,Yes,47
838,Male,8,56,67,Medium,71,77,68,Average,Yes,41
839,Female,1,100,76,Medium,77,87,65,Good,No,43
840,Male,6,77,46,Medium,37,51,42,Average,Yes,35
841,Male,8,100,43,Medium,37,51,51,Average,No,35
842,Female,3,92,76,High,78,85,64,Average,No,43
843,Male,8,54,95,High,100,100,92,Average,No,52
844,Male,1,54,40,Low,37,35,37,Good,No,35
845,Male,9,79,40,Low,43,35,47,Good,No,35
846,Male,9,81,86,High,90,78,95,Good,No,54
847,Female,5,57,59,Medium,59,60,49,Average,No,35
848,Female,10,59,58,High,48,68,51,Poor,Yes,38
849,Male,4,87,68,Medium,78,76,61,Good,No,42
850,Female,6,96,49,Medium,41,52,57,Poor,No,35
851,Male,7,81,57,Low,63,49,46,Good,Yes,36
852,Female,5,97,67,Medium,75,70,72,Average,Yes,42
853,Male,10,77,74,Medium,77,82,63,Good,No,46
854,Male,9,66,82,Medium,79,76,81,Average,Yes,46
855,Male,3,80,86,High,88,88,95,Average,No,48
856,Male,7,57,70,High,79,78,62,Average,No,42
857,Male,10,89,66,Medium,58,60,73,Average,Yes,43
858,Male,10,74,50,High,44,49,44,Average,No,36
859,Female,5,58,88,Medium,86,99,91,Good,Yes,50
860,Male,7,51,88,Medium,83,83,95,Good,No,48
861,Female,2,64,77,High,68,89,65,Good,Yes,45
862,Male,4,99,44,Medium,46,42,35,Good,No,35
863,Female,2,52,47,Medium,41,52,51,Average,Yes,35
864,Female,7,98,73,Low,70,78,61,Poor,Yes,38
865,Female,2,85,87,Medium,77,82,95,Average,Yes,45
866,Male,1,53,91,High,100,98,98,Good,Yes,52
867,Male,9,63,95,High,96,87,95,Average,Yes,54
868,Female,1,90,51,High,51,59,47,Good,Yes,37
869,Male,8,90,77,High,73,78,79,Average,Yes,49
870,Female,2,74,40,Medium,44,47,35,Good,No,35
871,Male,8,99,70,Medium,70,77,71,Good,No,46
872,Female,3,59,43,Low,48,42,41,Poor,No,35
873,Female,6,70,88,Medium,80,86,97,Average,No,46
874,Male,3,85,84,Medium,93,81,83,Good,Yes,48
875,Female,7,61,89,High,92,96,89,Average,Yes,51
876,Male,10,76,44,Medium,36,55,44,Average,Yes,35
877,Female,9,89,69,Medium,59,76,57,Good,No,43
878,Female,2,51,95,Medium,100,93,92,Average,No,45
879,Male,5,62,63,Medium,67,63,53,Good,Yes,39
880,Male,6,81,42,High,35,47,35,Good,Yes,36
881,Male,4,80,50,Low,56,52,53,Poor,Yes,35
882,Female,4,65,84,Medium,75,89,79,Average,No,42
883,Male,4,81,43,High,52,41,46,Average,No,35
884,Female,2,81,65,Medium,60,57,69,Good,Yes,39
885,Female,4,83,66,Medium,63,70,72,Average,Yes,40
886,Male,1,60,85,High,90,96,94,Good,No,48
887,Male,6,59,93,High,100,87,95,Average,No,50
888,Female,1,64,82,Low,72,93,85,Average,Yes,39
889,Female,10,66,66,High,58,61,68,Average,No,42
890,Male,6,89,81,High,73,83,70,Average,Yes,47
891,Male,1,67,90,Medium,84,83,88,Average,No,42
892,Male,6,58,89,High,90,94,77,Average,No,47
893,Male,10,74,45,High,46,48,47,Average,Yes,38
894,Male,8,89,54,High,63,62,60,Poor,Yes,39
895,Female,2,63,92,High,94,95,83,Poor,No,44
896,Female,2,74,69,Low,78,72,67,Good,Yes,39
897,Female,4,99,81,Low,79,73,73,Average,No,40
898,Female,3,71,76,Medium,72,80,66,Average,No,39
899,Male,4,79,76,Medium,69,81,76,Good,No,43
900,Male,7,69,81,Medium,89,74,78,Average,Yes,45
901,Male,1,70,76,High,84,79,74,Good,Yes,46
902,Female,6,93,74,High,69,86,79,Average,No,46
903,Female,3,81,62,Medium,64,69,51,Poor,Yes,35
904,Male,10,100,45,High,45,40,39,Good,No,39
905,Male,7,95,43,High,45,42,39,Average,No,35
906,Female,10,98,57,Medium,59,50,54,Good,Yes,42
907,Female,2,70,48,Low,57,49,53,Average,No,35
908,Male,2,84,88,Medium,92,88,82,Good,Yes,48
909,Male,4,81,68,High,78,74,62,Good,Yes,45
910,Female,1,79,52,Medium,54,56,42,Poor,No,35
911,Male,3,88,86,High,86,94,85,Good,No,50
912,Male,9,98,91,Low,99,98,85,Average,Yes,50
913,Male,7,61,56,High,53,49,60,Good,No,39
914,Female,7,90,84,High,93,95,72,Average,Yes,51
915,Female,4,96,71,High,68,82,63,Good,Yes,47
916,Female,2,67,87,High,86,92,90,Poor,Yes,45
917,Female,4,70,61,High,66,55,63,Average,No,37
918,Female,6,62,43,High,51,46,35,Good,Yes,36
919,Female,3,70,44,High,44,43,40,Good,Yes,35
920,Female,1,57,76,High,78,69,70,Poor,Yes,38
921,Male,8,95,80,High,78,75,71,Average,No,47
922,Male,5,89,88,Low,97,93,95,Average,Yes,47
923,Male,5,95,52,Medium,60,59,57,Average,Yes,37
924,Male,4,56,73,Medium,78,83,81,Average,Yes,42
925,Male,6,72,84,Medium,80,77,75,Good,No,45
926,Male,3,93,61,Medium,69,64,61,Average,No,36
927,Male,9,81,92,High,93,97,80,Good,Yes,56
928,Female,5,60,62,High,66,59,52,Good,No,39
929,Female,3,71,90,High,93,94,93,Average,Yes,50
930,Male,1,71,42,Medium,42,37,51,Average,No,35
931,Male,10,92,81,Low,80,90,72,Average,Yes,46
932,Female,6,74,73,Low,73,76,76,Average,Yes,40
933,Male,2,71,71,Medium,66,82,77,Good,Yes,42
934,Male,3,77,84,Low,75,96,72,Average,No,39
935,Female,1,78,90,Low,90,100,82,Good,No,44
936,Male,9,62,88,High,96,87,94,Average,Yes,53
937,Female,8,67,60,High,55,58,69,Average,No,40
938,Male,2,51,85,Medium,88,92,83,Poor,Yes,41
939,Female,8,78,83,Low,92,93,83,Poor,Yes,44
940,Female,9,70,60,Medium,55,57,67,Average,Yes,39
941,Female,1,64,83,Low,89,94,75,Average,No,38
942,Male,5,76,50,High,49,62,58,Good,No,39
943,Female,8,99,78,Medium,68,80,69,Good,Yes,48
944,Male,2,80,43,Medium,35,39,35,Average,Yes,35
945,Male,4,64,90,Medium,87,97,81,Average,Yes,46
946,Male,7,100,40,Low,37,38,35,Average,Yes,35
947,Male,3,72,67,Medium,76,63,74,Average,Yes,39
948,Female,5,73,63,High,67,65,71,Average,Yes,42
949,Female,8,93,74,High,70,80,79,Average,Yes,48
950,Male,10,62,52,Low,52,46,57,Average,Yes,35
951,Male,3,71,86,Medium,82,82,89,Poor,Yes,42
952,Female,4,92,73,Medium,66,85,69,Poor,Yes,39
953,Male,9,86,50,High,51,46,55,Average,Yes,39
954,Female,7,82,75,Medium,70,75,84,Good,No,46
955,Male,1,52,90,Medium,93,96,79,Average,Yes,43
956,Male,4,68,56,Medium,57,50,64,Average,No,35
957,Female,4,72,74,Medium,74,71,65,Average,Yes,40
958,Male,9,78,57,Medium,65,65,56,Good,Yes,42
959,Female,6,79,79,Medium,89,91,73,Good,Yes,48
960,Male,9,88,61,Medium,55,60,63,Good,Yes,43
961,Male,6,93,63,High,66,75,57,Poor,Yes,40
962,Male,6,96,58,Medium,68,60,67,Average,No,38
963,Female,5,74,76,High,81,73,84,Good,Yes,49
964,Male,5,86,78,Medium,80,77,82,Poor,Yes,42
965,Male,2,96,60,High,69,61,63,Average,No,38
966,Male,8,57,47,High,40,41,53,Good,Yes,38
967,Male,8,91,67,Medium,67,72,63,Average,No,41
968,Female,1,65,44,High,50,49,45,Poor,Yes,35
969,Female,8,57,56,Low,52,57,60,Poor,No,35
970,Male,5,50,76,High,79,79,68,Average,Yes,43
971,Female,2,93,75,Medium,75,72,64,Average,Yes,40
972,Male,2,54,93,Low,91,96,100,Good,No,45
973,Male,6,52,58,Medium,60,63,61,Good,Yes,39
974,Male,9,50,66,High,73,59,67,Average,Yes,43
975,Female,1,53,92,Low,92,92,93,Good,No,43
976,Female,6,89,73,Medium,77,74,61,Average,Yes,42
977,Female,9,84,50,High,58,58,40,Poor,Yes,36
978,Female,8,81,93,High,83,100,87,Good,No,54
979,Female,6,91,84,Medium,77,78,86,Good,Yes,49
980,Female,3,83,86,Low,89,96,92,Good,No,46
981,Female,8,92,51,Low,54,43,58,Good,No,35
982,Female,9,74,93,Medium,85,96,82,Good,Yes,53
983,Female,1,59,60,Medium,66,58,66,Good,Yes,37
984,Male,9,70,93,High,85,88,89,Average,Yes,52
985,Female,6,95,50,Low,55,51,56,Good,Yes,36
986,Female,6,88,78,High,81,82,70,Good,No,48
987,Female,4,76,67,Low,76,60,72,Good,Yes,40
988,Female,1,76,44,Low,46,45,47,Poor,Yes,35
989,Female,10,51,56,Medium,60,68,47,Average,No,36
990,Female,8,90,95,Medium,98,90,94,Average,No,51
991,Female,2,97,59,High,67,68,53,Average,Yes,39
992,Female,1,62,80,High,75,76,81,Good,Yes,46
993,Female,2,58,85,Medium,84,95,84,Average,No,42
994,Female,1,85,51,High,55,44,41,Average,No,35
995,Female,1,71,45,High,55,48,37,Good,No,35
996,Male,9,91,56,Medium,65,64,60,Average,Yes,41
997,Male,1,75,90,High,85,91,87,Poor,Yes,45
998,Female,4,61,58,Medium,57,51,55,Average,Yes,35
999,Female,10,66,65,Low,61,62,63,Good,Yes,41
1000,Male,6,63,87,High,93,86,91,Poor,No,46
